
/* INSERIR OS 26 ESTADOS + O DISTRITO FEDERAL NA TABELA ESTADO */
INSERT INTO estado
(id, nome)
VALUES
(1, 'Acre'),
(2, 'Alagoas'),
(3, 'Amapá'),
(4, 'Amazonas'),
(5, 'Bahia'),
(6, 'Ceará'),
(7, 'Distrito Federal'),
(8, 'Espírito Santo'),
(9, 'Goiás'),
(10, 'Maranhão'),
(11, 'Mato Grosso'),
(12, 'Mato Grosso do Sul'),
(13, 'Minas Gerais'),
(14, 'Pará'),
(15, 'Paraíba'),
(16, 'Paraná'),
(17, 'Pernambuco'),
(18, 'Piauí'),
(19, 'Rio de Janeiro'),
(20, 'Rio Grande do Norte'),
(21, 'Rio Grande do Sul'),
(22, 'Rondônia'),
(23, 'Roraima'),
(24, 'Santa Catarina'),
(25, 'São Paulo'),
(26, 'Sergipe'),
(27, 'Tocantins');





/* INSERIR DADOS ALEATÓRIOS NA TABELA ENDERECO */
INSERT INTO endereco
(rua, numero, complemento, bairro, cidade, estado_id)
VALUES
('Rua A', 123, 'Apartamento 1', 'Centro', 'São Paulo', 25),
('Avenida B', 456, NULL, 'Jardim Botânico', 'Rio de Janeiro', 19),
('Rua C', 789, 'Casa 2', NULL, 'Brasília', 7),
('Rua D', 246, NULL, 'Centro', 'Porto Alegre', 21),
('Avenida E', 789, 'Sala 3', 'Jardins', 'São Paulo', 25),
('Rua F', 321, NULL, 'Boa Vista', 'Recife', 17),
('Avenida G', 555, 'Casa 1', NULL, 'Salvador', 5),
('Rua H', 777, NULL, 'Copacabana', 'Rio de Janeiro', 19),
('Avenida I', 888, 'Apartamento 5', 'Barra', 'Salvador', 5),
('Rua J', 111, 'Casa 4', 'Centro', 'Curitiba', 16),
('Avenida K', 222, NULL, 'Itaim Bibi', 'São Paulo', 25),
('Rua L', 333, NULL, 'Santa Teresa', 'Rio de Janeiro', 19),
('Avenida M', 444, 'Sala 10', 'Centro', 'Belo Horizonte', 13),
('Rua N', 555, NULL, 'Boa Viagem', 'Recife', 17),
('Avenida O', 777, 'Bloco 2', 'Centro', 'Goiânia', 9),
('Rua P', 888, NULL, 'Copacabana', 'Rio de Janeiro', 19),
('Avenida Q', 111, 'Casa 3', 'Barra da Tijuca', 'Rio de Janeiro', 19),
('Rua R', 222, NULL, 'Santo Antônio', 'Belo Horizonte', 13),
('Avenida S', 333, 'Sala 20', 'Centro', 'Brasília', 7),
('Rua T', 444, NULL, 'Jardim Europa', 'São Paulo', 25),
('Avenida U', 666, 'Apartamento 7', 'Itaim Bibi', 'São Paulo', 25),
('Rua V', 777, NULL, 'Boa Vista', 'Porto Alegre', 21),
('Avenida W', 999, 'Bloco B', 'Jardim Botânico', 'Rio de Janeiro', 19),
('Rua X', 111, NULL, 'Centro', 'Salvador', 5),
('Avenida Y', 222, 'Casa 5', 'Jardins', 'São Paulo', 25),
('Rua Z', 333, NULL, 'Centro', 'Curitiba', 16),
('Avenida AA', 444, NULL, 'Centro', 'Fortaleza', 6),
('Rua BB', 555, 'Casa 6', 'Barra', 'Salvador', 5),
('Avenida CC', 666, NULL, 'Copacabana', 'Rio de Janeiro', 19),
('Rua DD', 777, NULL, 'Centro', 'Belém', 14),
('Avenida EE', 888, 'Sala 30', 'Boa Viagem', 'Recife', 17),
('Rua FF', 999, NULL, 'Barra da Tijuca', 'Rio de Janeiro', 19),
('Avenida GG', 111, 'Apartamento 9', 'Jardim Europa', 'São Paulo', 25),
('Rua HH', 222, NULL, 'Centro', 'São Luís', 10),
('Avenida II', 333, 'Bloco C', 'Boa Viagem', 'Recife', 17),
('Rua JJ', 444, NULL, 'Copacabana', 'Rio de Janeiro', 19),
('Avenida KK', 555, 'Casa 8', 'Barra da Tijuca', 'Rio de Janeiro', 19),
('Rua LL', 666, NULL, 'Santo Antônio', 'Belo Horizonte', 13),
('Avenida MM', 777, 'Sala 40', 'Centro', 'Brasília', 7),
('Rua NN', 888, NULL, 'Jardim Europa', 'São Paulo', 25),
('Avenida OO', 999, 'Apartamento 11', 'Itaim Bibi', 'São Paulo', 25),
('Rua PP', 111, NULL, 'Boa Vista', 'Porto Alegre', 21),
('Avenida QQ', 222, 'Bloco D', 'Jardim Botânico', 'Rio de Janeiro', 19),
('Rua RR', 333, NULL, 'Centro', 'Salvador', 5),
('Avenida SS', 444, 'Casa 9', 'Jardins', 'São Paulo', 25),
('Rua TT', 555, NULL, 'Centro', 'Curitiba', 16),
('Avenida UU', 666, NULL, 'Centro', 'Fortaleza', 6),
('Rua VV', 777, 'Casa 10', 'Barra', 'Salvador', 5),
('Avenida WW', 888, NULL, 'Copacabana', 'Rio de Janeiro', 19),
('Rua XX', 999, NULL, 'Centro', 'Belém', 14),
('Avenida YY', 111, 'Sala 50', 'Boa Viagem', 'Recife', 17),
('Rua ZZ', 222, NULL, 'Barra da Tijuca', 'Rio de Janeiro', 19),
('Avenida AAA', 333, 'Apartamento 13', 'Jardim Europa', 'São Paulo', 25),
('Rua BBB', 444, NULL, 'Centro', 'São Luís', 10),
('Avenida CCC', 555, 'Bloco E', 'Boa Viagem', 'Recife', 17),
('Rua DDD', 666, NULL, 'Copacabana', 'Rio de Janeiro', 19),
('Avenida EEE', 777, 'Casa 15', 'Barra da Tijuca', 'Rio de Janeiro', 19),
('Rua FFF', 888, NULL, 'Santo Antônio', 'Belo Horizonte', 13),
('Avenida GGG', 999, 'Sala 60', 'Centro', 'Brasília', 7),
('Rua HHH', 111, NULL, 'Jardim Europa', 'São Paulo', 25),
('Avenida III', 222, 'Apartamento 17', 'Itaim Bibi', 'São Paulo', 25),
('Rua JJJ', 333, NULL, 'Boa Vista', 'Porto Alegre', 21),
('Avenida KKK', 444, 'Bloco F', 'Jardim Botânico', 'Rio de Janeiro', 19),
('Rua LLL', 555, NULL, 'Centro', 'Salvador', 5);





/* INSERIR DADOS ALEATÓRIOS NA TABELA MOTORISTA */
INSERT INTO motorista
(cnh, nome, data_nascimento, endereco_id)
VALUES
(123456789, 'João Silva', '1985-04-15', 1),
(987654321, 'Maria Santos', '1992-10-22', 4),
(135792468, 'Pedro Oliveira', '1978-07-08', 7),
(246813579, 'Ana Souza', '1989-12-30', 2),
(369258147, 'Carlos Ferreira', '1965-03-25', 5),
(481216234, 'Julia Mendes', '1995-06-18', 8),
(975318642, 'Fernando Costa', '1972-09-12', 3),
(753159846, 'Amanda Pereira', '1980-11-02', 6),
(147258369, 'Rodrigo Almeida', '1998-02-14', 9),
(159487263, 'Luiza Gomes', '1987-08-09', 12),
(357159246, 'Eduardo Carvalho', '1960-05-30', 15),
(987654132, 'Camila Ribeiro', '2000-12-25', 18),
(753159987, 'Gustavo Nunes', '1991-04-20', 21),
(753987654, 'Luciana Oliveira', '1975-10-05', 24),
(987654753, 'Marcos Rodrigues', '1983-11-17', 27),
(987753159, 'Patrícia Silva', '1969-06-29', 30),
(159753987, 'Rafaela Martins', '1996-09-03', 33),
(987951753, 'Victor Santos', '1982-01-12', 10),
(753951846, 'Gabriela Pereira', '1977-07-01', 13),
(987456321, 'André Almeida', '2002-03-08', 16),
(654987321, 'Mariana Costa', '1990-05-28', 19),
(987123654, 'Henrique Oliveira', '1974-12-10', 22),
(951753987, 'Isabela Ferreira', '1986-08-19', 25),
(753654981, 'Paulo Mendes', '1967-02-22', 28),
(98798773, 'Sofia Lima', '1993-11-05', 31),
(753321987, 'Diego Ribeiro', '1984-06-15', 34),
(159753753, 'Carolina Santos', '1999-09-28', 11),
(321987753, 'Leandro Rodrigues', '1971-04-03', 14),
(753159321, 'Tatiana Gomes', '1981-12-26', 17),
(987987321, 'Alexandre Carvalho', '1994-10-07', 20),
(159753988, 'Raquel Almeida', '1976-07-16', 23),
(987987159, 'Renata Pereira', '1988-03-11', 26),
(321987754, 'Hugo Oliveira', '2001-01-24', 29),
(75332198, 'Carla Martins', '1973-05-05', 32),
(987987753, 'Daniel Silva', '1997-08-27', 35);