
/* INSERIR DADOS ALEATÓRIOS NA TABELA VEICULO */
INSERT INTO veiculo
(placa, marca, modelo, ano)
VALUES
('ABC1234', 'Volkswagen', 'Gol', 2020),
('DEF5678', 'Chevrolet', 'Onix', 2022),
('GHI9012', 'Ford', 'Ka', 2018),
('JKL3456', 'Toyota', 'Corolla', 2019),
('MNO7890', 'Honda', 'Civic', 2021),
('PQR1234', 'Hyundai', 'HB20', 2017),
('STU5678', 'Fiat', 'Palio', 2016),
('VWX9012', 'Renault', 'Kwid', 2023),
('YZA3456', 'Nissan', 'Versa', 2015),
('BCD7890', 'Jeep', 'Renegade', 2019),
('EFG1234', 'Volkswagen', 'Polo', 2020),
('HIJ5678', 'Chevrolet', 'Tracker', 2022),
('KLM9012', 'Ford', 'Fiesta', 2017),
('NOP3456', 'Toyota', 'Hilux', 2018),
('QRS7890', 'Honda', 'Fit', 2021),
('TUV1234', 'Hyundai', 'Creta', 2016),
('WXY5678', 'Fiat', 'Mobi', 2015),
('ZAB9012', 'Renault', 'Sandero', 2023),
('CDE3456', 'Nissan', 'Kicks', 2019),
('FGH7890', 'Jeep', 'Compass', 2020),
('IJK1234', 'Volkswagen', 'T-Cross', 2022),
('LMN5678', 'Chevrolet', 'Cruze', 2018),
('OPQ9012', 'Ford', 'EcoSport', 2017),
('RST3456', 'Toyota', 'Yaris', 2021),
('UVW7890', 'Honda', 'HR-V', 2016),
('XYZ1234', 'Hyundai', 'Santa Fe', 2015),
('2345678', 'Fiat', 'Uno', 2019),
('3456789', 'Renault', 'Captur', 2020),
('4567890', 'Nissan', 'Sentra', 2017),
('5678901', 'Jeep', 'Wrangler', 2018),
('6789012', 'Volkswagen', 'Fox', 2016),
('7890123', 'Chevrolet', 'Spin', 2015),
('8901234', 'Ford', 'Ranger', 2022),
('9012345', 'Toyota', 'Rav4', 2019),
('0123456', 'Honda', 'City', 2020),
('1234567', 'Hyundai', 'Elantra', 2017),
('A234567', 'Fiat', 'Argo', 2018),
('A456789', 'Renault', 'Logan', 2016),
('A567890', 'Nissan', 'March', 2015),
('A678901', 'Jeep', 'Cherokee', 2021),
('A789012', 'Volkswagen', 'Virtus', 2020),
('A890123', 'Chevrolet', 'S10', 2018),
('A901234', 'Ford', 'Fusion', 2019);





/* INSERIR DADOS ALEATÓRIOS NA TABELA ATUACAO */
INSERT INTO atuacao
(id, nome)
VALUES
(1, 'Policial Rodoviário'),
(2, 'Agente de Trânsito Municipal'),
(3, 'Guarda Municipal de Trânsito'),
(4, 'Agente de Fiscalização de Trânsito'),
(5, 'Inspetor de Trânsito'),
(6, 'Agente de Mobilidade Urbana'),
(7, 'Agente de Trânsito Rodoviário'),
(8, 'Agente de Fiscalização de Transporte Público'),
(9, 'Fiscal de Tráfego'),
(10, 'Agente de Trânsito Ferroviário');





/* INSERIR DADOS ALEATÓRIOS NA TABELA AGENTE */
INSERT INTO agente (num, nome, atuacao_id) VALUES
(1001, 'João Silva', 1),
(1002, 'Maria Santos', 2),
(1003, 'Pedro Oliveira', 3),
(1004, 'Ana Souza', 4),
(1005, 'Carlos Ferreira', 5),
(1006, 'Julia Mendes', 6),
(1007, 'Fernando Costa', 7),
(1008, 'Amanda Pereira', 8),
(1009, 'Rodrigo Almeida', 9),
(1010, 'Luiza Gomes', 10),
(1011, 'Eduardo Carvalho', 1),
(1012, 'Camila Ribeiro', 2),
(1013, 'Gustavo Nunes', 3),
(1014, 'Luciana Oliveira', 4),
(1015, 'Marcos Rodrigues', 5),
(1016, 'Patrícia Silva', 6),
(1017, 'Rafaela Martins', 7),
(1018, 'Victor Santos', 8),
(1019, 'Gabriela Pereira', 9),
(1020, 'André Almeida', 10),
(1021, 'Mariana Costa', 1),
(1022, 'Henrique Oliveira', 2),
(1023, 'Isabela Ferreira', 3),
(1024, 'Paulo Mendes', 4),
(1025, 'Sofia Lima', 5);